<?xml version="1.0" encoding="utf-8"?>
<cwbopendata xmlns="urn:cwb:gov:tw:cwbcommon:0.1">
  <identifier>0003ae18-fb62-4ebc-9854-e292a62cd426</identifier>
  <sender>weather@cwb.gov.tw</sender>
  <sent>2019-12-01T18:19:05+08:00</sent>
  <status>Actual</status>
  <scope>Public</scope>
  <msgType>Issue</msgType>
  <dataid>null</dataid>
  <source>MFC</source>
  <dataset>
    <datasetInfo>
      <datasetDescription>Seven Days Weather Forecast of 368 townships</datasetDescription>
      <datasetLanguage>EN</datasetLanguage>
      <issueTime>2019-12-01T17:00:00+08:00</issueTime>
      <validTime>
        <startTime>2019-12-01T18:00:00+08:00</startTime>
        <endTime>2019-12-09T17:00:00+08:00</endTime>
      </validTime>
      <update>2019-12-01T18:19:05+08:00</update>
    </datasetInfo>
    <locations>
      <locationsName>Chiayi City</locationsName>
      <location>
        <locationName>East District</locationName>
        <geocode>1002001</geocode>
        <lat>23.480384</lat>
        <lon>120.445361</lon>
        <weatherElement>
          <elementName>T</elementName>
          <description>average of temperature</description>
          <time>
            <startTime>2019-12-02T00:00:00+08:00</startTime>
            <endTime>2019-12-03T00:00:00+08:00</endTime>
            <elementValue>
              <value>19</value>
              <measures>C</measures>
            </elementValue>
          </time>
          <time>
            <startTime>2019-12-03T00:00:00+08:00</startTime>
            <endTime>2019-12-04T00:00:00+08:00</endTime>
            <elementValue>
              <value>17</value>
              <measures>C</measures>
            </elementValue>
          </time>
          <time>
            <startTime>2019-12-04T00:00:00+08:00</startTime>
            <endTime>2019-12-05T00:00:00+08:00</endTime>
            <elementValue>
              <value>18</value>
              <measures>C</measures>
            </elementValue>
          </time>
          <time>
            <startTime>2019-12-05T00:00:00+08:00</startTime>
            <endTime>2019-12-06T00:00:00+08:00</endTime>
            <elementValue>
              <value>18</value>
              <measures>C</measures>
            </elementValue>
          </time>
          <time>
            <startTime>2019-12-06T00:00:00+08:00</startTime>
            <endTime>2019-12-07T00:00:00+08:00</endTime>
            <elementValue>
              <value>16</value>
              <measures>C</measures>
            </elementValue>
          </time>
          <time>
            <startTime>2019-12-07T00:00:00+08:00</startTime>
            <endTime>2019-12-08T00:00:00+08:00</endTime>
            <elementValue>
              <value>17</value>
              <measures>C</measures>
            </elementValue>
          </time>
          <time>
            <startTime>2019-12-08T00:00:00+08:00</startTime>
            <endTime>2019-12-09T00:00:00+08:00</endTime>
            <elementValue>
              <value>18</value>
              <measures>C</measures>
            </elementValue>
          </time>
        </weatherElement>
        <weatherElement>
          <elementName>Td</elementName>
          <description>average of dew point temperature</description>
          <time>
            <startTime>2019-12-02T00:00:00+08:00</startTime>
            <endTime>2019-12-03T00:00:00+08:00</endTime>
            <elementValue>
              <value>12</value>
              <measures>C</measures>
            </elementValue>
          </time>
          <time>
            <startTime>2019-12-03T00:00:00+08:00</startTime>
            <endTime>2019-12-04T00:00:00+08:00</endTime>
            <elementValue>
              <value>10</value>
              <measures>C</measures>
            </elementValue>
          </time>
          <time>
            <startTime>2019-12-04T00:00:00+08:00</startTime>
            <endTime>2019-12-05T00:00:00+08:00</endTime>
            <elementValue>
              <value>14</value>
              <measures>C</measures>
            </elementValue>
          </time>
          <time>
            <startTime>2019-12-05T00:00:00+08:00</startTime>
            <endTime>2019-12-06T00:00:00+08:00</endTime>
            <elementValue>
              <value>17</value>
              <measures>C</measures>
            </elementValue>
          </time>
          <time>
            <startTime>2019-12-06T00:00:00+08:00</startTime>
            <endTime>2019-12-07T00:00:00+08:00</endTime>
            <elementValue>
              <value>15</value>
              <measures>C</measures>
            </elementValue>
          </time>
          <time>
            <startTime>2019-12-07T00:00:00+08:00</startTime>
            <endTime>2019-12-08T00:00:00+08:00</endTime>
            <elementValue>
              <value>12</value>
              <measures>C</measures>
            </elementValue>
          </time>
          <time>
            <startTime>2019-12-08T00:00:00+08:00</startTime>
            <endTime>2019-12-09T00:00:00+08:00</endTime>
            <elementValue>
              <value>12</value>
              <measures>C</measures>
            </elementValue>
          </time>
        </weatherElement>
        <weatherElement>
          <elementName>RH</elementName>
          <description>average of relative humidity</description>
          <time>
            <startTime>2019-12-02T00:00:00+08:00</startTime>
            <endTime>2019-12-03T00:00:00+08:00</endTime>
            <elementValue>
              <value>68</value>
              <measures>%</measures>
            </elementValue>
          </time>
          <time>
            <startTime>2019-12-03T00:00:00+08:00</startTime>
            <endTime>2019-12-04T00:00:00+08:00</endTime>
            <elementValue>
              <value>61</value>
              <measures>%</measures>
            </elementValue>
          </time>
          <time>
            <startTime>2019-12-04T00:00:00+08:00</startTime>
            <endTime>2019-12-05T00:00:00+08:00</endTime>
            <elementValue>
              <value>78</value>
              <measures>%</measures>
            </elementValue>
          </time>
          <time>
            <startTime>2019-12-05T00:00:00+08:00</startTime>
            <endTime>2019-12-06T00:00:00+08:00</endTime>
            <elementValue>
              <value>96</value>
              <measures>%</measures>
            </elementValue>
          </time>
          <time>
            <startTime>2019-12-06T00:00:00+08:00</startTime>
            <endTime>2019-12-07T00:00:00+08:00</endTime>
            <elementValue>
              <value>94</value>
              <measures>%</measures>
            </elementValue>
          </time>
          <time>
            <startTime>2019-12-07T00:00:00+08:00</startTime>
            <endTime>2019-12-08T00:00:00+08:00</endTime>
            <elementValue>
              <value>74</value>
              <measures>%</measures>
            </elementValue>
          </time>
          <time>
            <startTime>2019-12-08T00:00:00+08:00</startTime>
            <endTime>2019-12-09T00:00:00+08:00</endTime>
            <elementValue>
              <value>70</value>
              <measures>%</measures>
            </elementValue>
          </time>
        </weatherElement>
        <weatherElement>
          <elementName>MaxT</elementName>
          <description>maximum temperature</description>
          <time>
            <startTime>2019-12-02T00:00:00+08:00</startTime>
            <endTime>2019-12-03T00:00:00+08:00</endTime>
            <elementValue>
              <value>23</value>
              <measures>C</measures>
            </elementValue>
          </time>
          <time>
            <startTime>2019-12-03T00:00:00+08:00</startTime>
            <endTime>2019-12-04T00:00:00+08:00</endTime>
            <elementValue>
              <value>24</value>
              <measures>C</measures>
            </elementValue>
          </time>
          <time>
            <startTime>2019-12-04T00:00:00+08:00</startTime>
            <endTime>2019-12-05T00:00:00+08:00</endTime>
            <elementValue>
              <value>21</value>
              <measures>C</measures>
            </elementValue>
          </time>
          <time>
            <startTime>2019-12-05T00:00:00+08:00</startTime>
            <endTime>2019-12-06T00:00:00+08:00</endTime>
            <elementValue>
              <value>21</value>
              <measures>C</measures>
            </elementValue>
          </time>
          <time>
            <startTime>2019-12-06T00:00:00+08:00</startTime>
            <endTime>2019-12-07T00:00:00+08:00</endTime>
            <elementValue>
              <value>19</value>
              <measures>C</measures>
            </elementValue>
          </time>
          <time>
            <startTime>2019-12-07T00:00:00+08:00</startTime>
            <endTime>2019-12-08T00:00:00+08:00</endTime>
            <elementValue>
              <value>22</value>
              <measures>C</measures>
            </elementValue>
          </time>
          <time>
            <startTime>2019-12-08T00:00:00+08:00</startTime>
            <endTime>2019-12-09T00:00:00+08:00</endTime>
            <elementValue>
              <value>24</value>
              <measures>C</measures>
            </elementValue>
          </time>
        </weatherElement>
        <weatherElement>
          <elementName>MinT</elementName>
          <description>minimum temperature</description>
          <time>
            <startTime>2019-12-02T00:00:00+08:00</startTime>
            <endTime>2019-12-03T00:00:00+08:00</endTime>
            <elementValue>
              <value>14</value>
              <measures>C</measures>
            </elementValue>
          </time>
          <time>
            <startTime>2019-12-03T00:00:00+08:00</startTime>
            <endTime>2019-12-04T00:00:00+08:00</endTime>
            <elementValue>
              <value>12</value>
              <measures>C</measures>
            </elementValue>
          </time>
          <time>
            <startTime>2019-12-04T00:00:00+08:00</startTime>
            <endTime>2019-12-05T00:00:00+08:00</endTime>
            <elementValue>
              <value>15</value>
              <measures>C</measures>
            </elementValue>
          </time>
          <time>
            <startTime>2019-12-05T00:00:00+08:00</startTime>
            <endTime>2019-12-06T00:00:00+08:00</endTime>
            <elementValue>
              <value>16</value>
              <measures>C</measures>
            </elementValue>
          </time>
          <time>
            <startTime>2019-12-06T00:00:00+08:00</startTime>
            <endTime>2019-12-07T00:00:00+08:00</endTime>
            <elementValue>
              <value>15</value>
              <measures>C</measures>
            </elementValue>
          </time>
          <time>
            <startTime>2019-12-07T00:00:00+08:00</startTime>
            <endTime>2019-12-08T00:00:00+08:00</endTime>
            <elementValue>
              <value>14</value>
              <measures>C</measures>
            </elementValue>
          </time>
          <time>
            <startTime>2019-12-08T00:00:00+08:00</startTime>
            <endTime>2019-12-09T00:00:00+08:00</endTime>
            <elementValue>
              <value>15</value>
              <measures>C</measures>
            </elementValue>
          </time>
        </weatherElement>
        <weatherElement>
          <elementName>MaxAT</elementName>
          <description>maximum athletic temperature</description>
          <time>
            <startTime>2019-12-02T00:00:00+08:00</startTime>
            <endTime>2019-12-03T00:00:00+08:00</endTime>
            <elementValue>
              <value>21</value>
              <measures>C</measures>
            </elementValue>
          </time>
          <time>
            <startTime>2019-12-03T00:00:00+08:00</startTime>
            <endTime>2019-12-04T00:00:00+08:00</endTime>
            <elementValue>
              <value>24</value>
              <measures>C</measures>
            </elementValue>
          </time>
          <time>
            <startTime>2019-12-04T00:00:00+08:00</startTime>
            <endTime>2019-12-05T00:00:00+08:00</endTime>
            <elementValue>
              <value>22</value>
              <measures>C</measures>
            </elementValue>
          </time>
          <time>
            <startTime>2019-12-05T00:00:00+08:00</startTime>
            <endTime>2019-12-06T00:00:00+08:00</endTime>
            <elementValue>
              <value>22</value>
              <measures>C</measures>
            </elementValue>
          </time>
          <time>
            <startTime>2019-12-06T00:00:00+08:00</startTime>
            <endTime>2019-12-07T00:00:00+08:00</endTime>
            <elementValue>
              <value>19</value>
              <measures>C</measures>
            </elementValue>
          </time>
          <time>
            <startTime>2019-12-07T00:00:00+08:00</startTime>
            <endTime>2019-12-08T00:00:00+08:00</endTime>
            <elementValue>
              <value>22</value>
              <measures>C</measures>
            </elementValue>
          </time>
          <time>
            <startTime>2019-12-08T00:00:00+08:00</startTime>
            <endTime>2019-12-09T00:00:00+08:00</endTime>
            <elementValue>
              <value>23</value>
              <measures>C</measures>
            </elementValue>
          </time>
        </weatherElement>
        <weatherElement>
          <elementName>MinAT</elementName>
          <description>minimum athletic temperature</description>
          <time>
            <startTime>2019-12-02T00:00:00+08:00</startTime>
            <endTime>2019-12-03T00:00:00+08:00</endTime>
            <elementValue>
              <value>12</value>
              <measures>C</measures>
            </elementValue>
          </time>
          <time>
            <startTime>2019-12-03T00:00:00+08:00</startTime>
            <endTime>2019-12-04T00:00:00+08:00</endTime>
            <elementValue>
              <value>10</value>
              <measures>C</measures>
            </elementValue>
          </time>
          <time>
            <startTime>2019-12-04T00:00:00+08:00</startTime>
            <endTime>2019-12-05T00:00:00+08:00</endTime>
            <elementValue>
              <value>13</value>
              <measures>C</measures>
            </elementValue>
          </time>
          <time>
            <startTime>2019-12-05T00:00:00+08:00</startTime>
            <endTime>2019-12-06T00:00:00+08:00</endTime>
            <elementValue>
              <value>15</value>
              <measures>C</measures>
            </elementValue>
          </time>
          <time>
            <startTime>2019-12-06T00:00:00+08:00</startTime>
            <endTime>2019-12-07T00:00:00+08:00</endTime>
            <elementValue>
              <value>14</value>
              <measures>C</measures>
            </elementValue>
          </time>
          <time>
            <startTime>2019-12-07T00:00:00+08:00</startTime>
            <endTime>2019-12-08T00:00:00+08:00</endTime>
            <elementValue>
              <value>12</value>
              <measures>C</measures>
            </elementValue>
          </time>
          <time>
            <startTime>2019-12-08T00:00:00+08:00</startTime>
            <endTime>2019-12-09T00:00:00+08:00</endTime>
            <elementValue>
              <value>14</value>
              <measures>C</measures>
            </elementValue>
          </time>
        </weatherElement>
        <weatherElement>
          <elementName>MaxCI</elementName>
          <description>maximum comfort index</description>
          <time>
            <startTime>2019-12-02T00:00:00+08:00</startTime>
            <endTime>2019-12-03T00:00:00+08:00</endTime>
            <elementValue>
              <value>20</value>
              <measures>NA</measures>
            </elementValue>
          </time>
          <time>
            <startTime>2019-12-03T00:00:00+08:00</startTime>
            <endTime>2019-12-04T00:00:00+08:00</endTime>
            <elementValue>
              <value>21</value>
              <measures>NA</measures>
            </elementValue>
          </time>
          <time>
            <startTime>2019-12-04T00:00:00+08:00</startTime>
            <endTime>2019-12-05T00:00:00+08:00</endTime>
            <elementValue>
              <value>20</value>
              <measures>NA</measures>
            </elementValue>
          </time>
          <time>
            <startTime>2019-12-05T00:00:00+08:00</startTime>
            <endTime>2019-12-06T00:00:00+08:00</endTime>
            <elementValue>
              <value>21</value>
              <measures>NA</measures>
            </elementValue>
          </time>
          <time>
            <startTime>2019-12-06T00:00:00+08:00</startTime>
            <endTime>2019-12-07T00:00:00+08:00</endTime>
            <elementValue>
              <value>19</value>
              <measures>NA</measures>
            </elementValue>
          </time>
          <time>
            <startTime>2019-12-07T00:00:00+08:00</startTime>
            <endTime>2019-12-08T00:00:00+08:00</endTime>
            <elementValue>
              <value>21</value>
              <measures>NA</measures>
            </elementValue>
          </time>
          <time>
            <startTime>2019-12-08T00:00:00+08:00</startTime>
            <endTime>2019-12-09T00:00:00+08:00</endTime>
            <elementValue>
              <value>21</value>
              <measures>NA</measures>
            </elementValue>
          </time>
        </weatherElement>
        <weatherElement>
          <elementName>MinCI</elementName>
          <description>minimum comfort index</description>
          <time>
            <startTime>2019-12-02T00:00:00+08:00</startTime>
            <endTime>2019-12-03T00:00:00+08:00</endTime>
            <elementValue>
              <value>14</value>
              <measures>NA</measures>
            </elementValue>
          </time>
          <time>
            <startTime>2019-12-03T00:00:00+08:00</startTime>
            <endTime>2019-12-04T00:00:00+08:00</endTime>
            <elementValue>
              <value>13</value>
              <measures>NA</measures>
            </elementValue>
          </time>
          <time>
            <startTime>2019-12-04T00:00:00+08:00</startTime>
            <endTime>2019-12-05T00:00:00+08:00</endTime>
            <elementValue>
              <value>15</value>
              <measures>NA</measures>
            </elementValue>
          </time>
          <time>
            <startTime>2019-12-05T00:00:00+08:00</startTime>
            <endTime>2019-12-06T00:00:00+08:00</endTime>
            <elementValue>
              <value>16</value>
              <measures>NA</measures>
            </elementValue>
          </time>
          <time>
            <startTime>2019-12-06T00:00:00+08:00</startTime>
            <endTime>2019-12-07T00:00:00+08:00</endTime>
            <elementValue>
              <value>15</value>
              <measures>NA</measures>
            </elementValue>
          </time>
          <time>
            <startTime>2019-12-07T00:00:00+08:00</startTime>
            <endTime>2019-12-08T00:00:00+08:00</endTime>
            <elementValue>
              <value>14</value>
              <measures>NA</measures>
            </elementValue>
          </time>
          <time>
            <startTime>2019-12-08T00:00:00+08:00</startTime>
            <endTime>2019-12-09T00:00:00+08:00</endTime>
            <elementValue>
              <value>15</value>
              <measures>NA</measures>
            </elementValue>
          </time>
        </weatherElement>
        <weatherElement>
          <elementName>PoP24h</elementName>
          <description>24 hours probability of precipitation</description>
          <time>
            <startTime>2019-12-02T00:00:00+08:00</startTime>
            <endTime>2019-12-03T00:00:00+08:00</endTime>
            <elementValue>
              <value>0</value>
              <measures>%</measures>
            </elementValue>
          </time>
          <time>
            <startTime>2019-12-03T00:00:00+08:00</startTime>
            <endTime>2019-12-04T00:00:00+08:00</endTime>
            <elementValue>
              <value>0</value>
              <measures>%</measures>
            </elementValue>
          </time>
          <time>
            <startTime>2019-12-04T00:00:00+08:00</startTime>
            <endTime>2019-12-05T00:00:00+08:00</endTime>
            <elementValue>
              <value>80</value>
              <measures>%</measures>
            </elementValue>
          </time>
          <time>
            <startTime>2019-12-05T00:00:00+08:00</startTime>
            <endTime>2019-12-06T00:00:00+08:00</endTime>
            <elementValue>
              <value> </value>
              <measures>%</measures>
            </elementValue>
          </time>
          <time>
            <startTime>2019-12-06T00:00:00+08:00</startTime>
            <endTime>2019-12-07T00:00:00+08:00</endTime>
            <elementValue>
              <value> </value>
              <measures>%</measures>
            </elementValue>
          </time>
          <time>
            <startTime>2019-12-07T00:00:00+08:00</startTime>
            <endTime>2019-12-08T00:00:00+08:00</endTime>
            <elementValue>
              <value> </value>
              <measures>%</measures>
            </elementValue>
          </time>
          <time>
            <startTime>2019-12-08T00:00:00+08:00</startTime>
            <endTime>2019-12-09T00:00:00+08:00</endTime>
            <elementValue>
              <value> </value>
              <measures>%</measures>
            </elementValue>
          </time>
        </weatherElement>
        <weatherElement>
          <elementName>WD</elementName>
          <description>wind direction</description>
          <time>
            <startTime>2019-12-02T00:00:00+08:00</startTime>
            <endTime>2019-12-03T00:00:00+08:00</endTime>
            <elementValue>
              <value>N</value>
              <measures>16 directions</measures>
            </elementValue>
          </time>
          <time>
            <startTime>2019-12-03T00:00:00+08:00</startTime>
            <endTime>2019-12-04T00:00:00+08:00</endTime>
            <elementValue>
              <value>N</value>
              <measures>16 directions</measures>
            </elementValue>
          </time>
          <time>
            <startTime>2019-12-04T00:00:00+08:00</startTime>
            <endTime>2019-12-05T00:00:00+08:00</endTime>
            <elementValue>
              <value>N</value>
              <measures>16 directions</measures>
            </elementValue>
          </time>
          <time>
            <startTime>2019-12-05T00:00:00+08:00</startTime>
            <endTime>2019-12-06T00:00:00+08:00</endTime>
            <elementValue>
              <value>N</value>
              <measures>16 directions</measures>
            </elementValue>
          </time>
          <time>
            <startTime>2019-12-06T00:00:00+08:00</startTime>
            <endTime>2019-12-07T00:00:00+08:00</endTime>
            <elementValue>
              <value>N</value>
              <measures>16 directions</measures>
            </elementValue>
          </time>
          <time>
            <startTime>2019-12-07T00:00:00+08:00</startTime>
            <endTime>2019-12-08T00:00:00+08:00</endTime>
            <elementValue>
              <value>N</value>
              <measures>16 directions</measures>
            </elementValue>
          </time>
          <time>
            <startTime>2019-12-08T00:00:00+08:00</startTime>
            <endTime>2019-12-09T00:00:00+08:00</endTime>
            <elementValue>
              <value>NE</value>
              <measures>16 directions</measures>
            </elementValue>
          </time>
        </weatherElement>
        <weatherElement>
          <elementName>WS</elementName>
          <description>maximum of wind speed</description>
          <time>
            <startTime>2019-12-02T00:00:00+08:00</startTime>
            <endTime>2019-12-03T00:00:00+08:00</endTime>
            <elementValue>
              <value>6</value>
              <measures>m/s</measures>
            </elementValue>
            <elementValue>
              <value>4</value>
              <measures>Beaufort</measures>
            </elementValue>
          </time>
          <time>
            <startTime>2019-12-03T00:00:00+08:00</startTime>
            <endTime>2019-12-04T00:00:00+08:00</endTime>
            <elementValue>
              <value>3</value>
              <measures>m/s</measures>
            </elementValue>
            <elementValue>
              <value>2</value>
              <measures>Beaufort</measures>
            </elementValue>
          </time>
          <time>
            <startTime>2019-12-04T00:00:00+08:00</startTime>
            <endTime>2019-12-05T00:00:00+08:00</endTime>
            <elementValue>
              <value>4</value>
              <measures>m/s</measures>
            </elementValue>
            <elementValue>
              <value>3</value>
              <measures>Beaufort</measures>
            </elementValue>
          </time>
          <time>
            <startTime>2019-12-05T00:00:00+08:00</startTime>
            <endTime>2019-12-06T00:00:00+08:00</endTime>
            <elementValue>
              <value>5</value>
              <measures>m/s</measures>
            </elementValue>
            <elementValue>
              <value>3</value>
              <measures>Beaufort</measures>
            </elementValue>
          </time>
          <time>
            <startTime>2019-12-06T00:00:00+08:00</startTime>
            <endTime>2019-12-07T00:00:00+08:00</endTime>
            <elementValue>
              <value>4</value>
              <measures>m/s</measures>
            </elementValue>
            <elementValue>
              <value>3</value>
              <measures>Beaufort</measures>
            </elementValue>
          </time>
          <time>
            <startTime>2019-12-07T00:00:00+08:00</startTime>
            <endTime>2019-12-08T00:00:00+08:00</endTime>
            <elementValue>
              <value>4</value>
              <measures>m/s</measures>
            </elementValue>
            <elementValue>
              <value>3</value>
              <measures>Beaufort</measures>
            </elementValue>
          </time>
          <time>
            <startTime>2019-12-08T00:00:00+08:00</startTime>
            <endTime>2019-12-09T00:00:00+08:00</endTime>
            <elementValue>
              <value>3</value>
              <measures>m/s</measures>
            </elementValue>
            <elementValue>
              <value>2</value>
              <measures>Beaufort</measures>
            </elementValue>
          </time>
        </weatherElement>
        <weatherElement>
          <elementName>Wx</elementName>
          <description>weather</description>
          <time>
            <startTime>2019-12-02T00:00:00+08:00</startTime>
            <endTime>2019-12-03T00:00:00+08:00</endTime>
            <elementValue>
              <value>Mostly clear</value>
              <measures>define Wx text by self</measures>
            </elementValue>
            <elementValue>
              <value>02</value>
              <measures>define Wx unit by self</measures>
            </elementValue>
          </time>
          <time>
            <startTime>2019-12-03T00:00:00+08:00</startTime>
            <endTime>2019-12-04T00:00:00+08:00</endTime>
            <elementValue>
              <value>Mostly clear</value>
              <measures>define Wx text by self</measures>
            </elementValue>
            <elementValue>
              <value>02</value>
              <measures>define Wx unit by self</measures>
            </elementValue>
          </time>
          <time>
            <startTime>2019-12-04T00:00:00+08:00</startTime>
            <endTime>2019-12-05T00:00:00+08:00</endTime>
            <elementValue>
              <value>Mostly cloudy with occasional rain</value>
              <measures>define Wx text by self</measures>
            </elementValue>
            <elementValue>
              <value>10</value>
              <measures>define Wx unit by self</measures>
            </elementValue>
          </time>
          <time>
            <startTime>2019-12-05T00:00:00+08:00</startTime>
            <endTime>2019-12-06T00:00:00+08:00</endTime>
            <elementValue>
              <value>Cloudy with occasional rain</value>
              <measures>define Wx text by self</measures>
            </elementValue>
            <elementValue>
              <value>11</value>
              <measures>define Wx unit by self</measures>
            </elementValue>
          </time>
          <time>
            <startTime>2019-12-06T00:00:00+08:00</startTime>
            <endTime>2019-12-07T00:00:00+08:00</endTime>
            <elementValue>
              <value>Cloudy with occasional rain</value>
              <measures>define Wx text by self</measures>
            </elementValue>
            <elementValue>
              <value>11</value>
              <measures>define Wx unit by self</measures>
            </elementValue>
          </time>
          <time>
            <startTime>2019-12-07T00:00:00+08:00</startTime>
            <endTime>2019-12-08T00:00:00+08:00</endTime>
            <elementValue>
              <value>Mostly clear</value>
              <measures>define Wx text by self</measures>
            </elementValue>
            <elementValue>
              <value>02</value>
              <measures>define Wx unit by self</measures>
            </elementValue>
          </time>
          <time>
            <startTime>2019-12-08T00:00:00+08:00</startTime>
            <endTime>2019-12-09T00:00:00+08:00</endTime>
            <elementValue>
              <value>Mostly clear</value>
              <measures>define Wx text by self</measures>
            </elementValue>
            <elementValue>
              <value>02</value>
              <measures>define Wx unit by self</measures>
            </elementValue>
          </time>
        </weatherElement>
        <weatherElement>
          <elementName>UVI</elementName>
          <description>Ultraviolet index</description>
          <time>
            <startTime>2019-12-02T06:00:00+08:00</startTime>
            <endTime>2019-12-02T18:00:00+08:00</endTime>
            <elementValue>
              <value>5</value>
              <measures>UV Index</measures>
            </elementValue>
            <elementValue>
              <value>Moderate</value>
              <measures>Exposure Level</measures>
            </elementValue>
          </time>
          <time>
            <startTime>2019-12-03T06:00:00+08:00</startTime>
            <endTime>2019-12-03T18:00:00+08:00</endTime>
            <elementValue>
              <value>5</value>
              <measures>UV Index</measures>
            </elementValue>
            <elementValue>
              <value>Moderate</value>
              <measures>Exposure Level</measures>
            </elementValue>
          </time>
          <time>
            <startTime>2019-12-04T06:00:00+08:00</startTime>
            <endTime>2019-12-04T18:00:00+08:00</endTime>
            <elementValue>
              <value>4</value>
              <measures>UV Index</measures>
            </elementValue>
            <elementValue>
              <value>Moderate</value>
              <measures>Exposure Level</measures>
            </elementValue>
          </time>
          <time>
            <startTime>2019-12-05T06:00:00+08:00</startTime>
            <endTime>2019-12-05T18:00:00+08:00</endTime>
            <elementValue>
              <value>3</value>
              <measures>UV Index</measures>
            </elementValue>
            <elementValue>
              <value>Moderate</value>
              <measures>Exposure Level</measures>
            </elementValue>
          </time>
          <time>
            <startTime>2019-12-06T06:00:00+08:00</startTime>
            <endTime>2019-12-06T18:00:00+08:00</endTime>
            <elementValue>
              <value>3</value>
              <measures>UV Index</measures>
            </elementValue>
            <elementValue>
              <value>Moderate</value>
              <measures>Exposure Level</measures>
            </elementValue>
          </time>
          <time>
            <startTime>2019-12-07T06:00:00+08:00</startTime>
            <endTime>2019-12-07T18:00:00+08:00</endTime>
            <elementValue>
              <value>5</value>
              <measures>UV Index</measures>
            </elementValue>
            <elementValue>
              <value>Moderate</value>
              <measures>Exposure Level</measures>
            </elementValue>
          </time>
          <time>
            <startTime>2019-12-08T06:00:00+08:00</startTime>
            <endTime>2019-12-08T18:00:00+08:00</endTime>
            <elementValue>
              <value>5</value>
              <measures>UV Index</measures>
            </elementValue>
            <elementValue>
              <value>Moderate</value>
              <measures>Exposure Level</measures>
            </elementValue>
          </time>
        </weatherElement>
        <weatherElement>
          <elementName>WeatherDescription</elementName>
          <description>weather description</description>
          <time>
            <startTime>2019-12-02T00:00:00+08:00</startTime>
            <endTime>2019-12-03T00:00:00+08:00</endTime>
            <elementValue>
              <value>Mostly clear. Temperature between 14 and 23 centigrade. Cold~Comfortable. N wind 6m/s. Chance of precipitation 0%.</value>
              <measures>NA</measures>
            </elementValue>
          </time>
          <time>
            <startTime>2019-12-03T00:00:00+08:00</startTime>
            <endTime>2019-12-04T00:00:00+08:00</endTime>
            <elementValue>
              <value>Mostly clear. Temperature between 12 and 24 centigrade. Cold~Comfortable. N wind 3m/s. Chance of precipitation 0%.</value>
              <measures>NA</measures>
            </elementValue>
          </time>
          <time>
            <startTime>2019-12-04T00:00:00+08:00</startTime>
            <endTime>2019-12-05T00:00:00+08:00</endTime>
            <elementValue>
              <value>Mostly cloudy with occasional rain. Temperature between 15 and 21 centigrade. Cold~Comfortable. N wind 4m/s. Chance of precipitation 80%.</value>
              <measures>NA</measures>
            </elementValue>
          </time>
          <time>
            <startTime>2019-12-05T00:00:00+08:00</startTime>
            <endTime>2019-12-06T00:00:00+08:00</endTime>
            <elementValue>
              <value>Cloudy with occasional rain. Temperature between 16 and 21 centigrade. Cool~Comfortable. N wind 5m/s. </value>
              <measures>NA</measures>
            </elementValue>
          </time>
          <time>
            <startTime>2019-12-06T00:00:00+08:00</startTime>
            <endTime>2019-12-07T00:00:00+08:00</endTime>
            <elementValue>
              <value>Cloudy with occasional rain. Temperature between 15 and 19 centigrade. Cold~Cool. N wind 4m/s. </value>
              <measures>NA</measures>
            </elementValue>
          </time>
          <time>
            <startTime>2019-12-07T00:00:00+08:00</startTime>
            <endTime>2019-12-08T00:00:00+08:00</endTime>
            <elementValue>
              <value>Mostly clear. Temperature between 14 and 22 centigrade. Cold~Comfortable. N wind 4m/s. </value>
              <measures>NA</measures>
            </elementValue>
          </time>
          <time>
            <startTime>2019-12-08T00:00:00+08:00</startTime>
            <endTime>2019-12-09T00:00:00+08:00</endTime>
            <elementValue>
              <value>Mostly clear. Temperature between 15 and 24 centigrade. Cold~Comfortable. NE wind 3m/s. </value>
              <measures>NA</measures>
            </elementValue>
          </time>
        </weatherElement>
      </location>
      <location>
        <locationName>West District</locationName>
        <geocode>1002002</geocode>
        <lat>23.466267</lat>
        <lon>120.427285</lon>
        <weatherElement>
          <elementName>T</elementName>
          <description>average of temperature</description>
          <time>
            <startTime>2019-12-02T00:00:00+08:00</startTime>
            <endTime>2019-12-03T00:00:00+08:00</endTime>
            <elementValue>
              <value>19</value>
              <measures>C</measures>
            </elementValue>
          </time>
          <time>
            <startTime>2019-12-03T00:00:00+08:00</startTime>
            <endTime>2019-12-04T00:00:00+08:00</endTime>
            <elementValue>
              <value>17</value>
              <measures>C</measures>
            </elementValue>
          </time>
          <time>
            <startTime>2019-12-04T00:00:00+08:00</startTime>
            <endTime>2019-12-05T00:00:00+08:00</endTime>
            <elementValue>
              <value>18</value>
              <measures>C</measures>
            </elementValue>
          </time>
          <time>
            <startTime>2019-12-05T00:00:00+08:00</startTime>
            <endTime>2019-12-06T00:00:00+08:00</endTime>
            <elementValue>
              <value>18</value>
              <measures>C</measures>
            </elementValue>
          </time>
          <time>
            <startTime>2019-12-06T00:00:00+08:00</startTime>
            <endTime>2019-12-07T00:00:00+08:00</endTime>
            <elementValue>
              <value>16</value>
              <measures>C</measures>
            </elementValue>
          </time>
          <time>
            <startTime>2019-12-07T00:00:00+08:00</startTime>
            <endTime>2019-12-08T00:00:00+08:00</endTime>
            <elementValue>
              <value>17</value>
              <measures>C</measures>
            </elementValue>
          </time>
          <time>
            <startTime>2019-12-08T00:00:00+08:00</startTime>
            <endTime>2019-12-09T00:00:00+08:00</endTime>
            <elementValue>
              <value>18</value>
              <measures>C</measures>
            </elementValue>
          </time>
        </weatherElement>
        <weatherElement>
          <elementName>Td</elementName>
          <description>average of dew point temperature</description>
          <time>
            <startTime>2019-12-02T00:00:00+08:00</startTime>
            <endTime>2019-12-03T00:00:00+08:00</endTime>
            <elementValue>
              <value>12</value>
              <measures>C</measures>
            </elementValue>
          </time>
          <time>
            <startTime>2019-12-03T00:00:00+08:00</startTime>
            <endTime>2019-12-04T00:00:00+08:00</endTime>
            <elementValue>
              <value>9</value>
              <measures>C</measures>
            </elementValue>
          </time>
          <time>
            <startTime>2019-12-04T00:00:00+08:00</startTime>
            <endTime>2019-12-05T00:00:00+08:00</endTime>
            <elementValue>
              <value>13</value>
              <measures>C</measures>
            </elementValue>
          </time>
          <time>
            <startTime>2019-12-05T00:00:00+08:00</startTime>
            <endTime>2019-12-06T00:00:00+08:00</endTime>
            <elementValue>
              <value>17</value>
              <measures>C</measures>
            </elementValue>
          </time>
          <time>
            <startTime>2019-12-06T00:00:00+08:00</startTime>
            <endTime>2019-12-07T00:00:00+08:00</endTime>
            <elementValue>
              <value>15</value>
              <measures>C</measures>
            </elementValue>
          </time>
          <time>
            <startTime>2019-12-07T00:00:00+08:00</startTime>
            <endTime>2019-12-08T00:00:00+08:00</endTime>
            <elementValue>
              <value>12</value>
              <measures>C</measures>
            </elementValue>
          </time>
          <time>
            <startTime>2019-12-08T00:00:00+08:00</startTime>
            <endTime>2019-12-09T00:00:00+08:00</endTime>
            <elementValue>
              <value>12</value>
              <measures>C</measures>
            </elementValue>
          </time>
        </weatherElement>
        <weatherElement>
          <elementName>RH</elementName>
          <description>average of relative humidity</description>
          <time>
            <startTime>2019-12-02T00:00:00+08:00</startTime>
            <endTime>2019-12-03T00:00:00+08:00</endTime>
            <elementValue>
              <value>66</value>
              <measures>%</measures>
            </elementValue>
          </time>
          <time>
            <startTime>2019-12-03T00:00:00+08:00</startTime>
            <endTime>2019-12-04T00:00:00+08:00</endTime>
            <elementValue>
              <value>60</value>
              <measures>%</measures>
            </elementValue>
          </time>
          <time>
            <startTime>2019-12-04T00:00:00+08:00</startTime>
            <endTime>2019-12-05T00:00:00+08:00</endTime>
            <elementValue>
              <value>77</value>
              <measures>%</measures>
            </elementValue>
          </time>
          <time>
            <startTime>2019-12-05T00:00:00+08:00</startTime>
            <endTime>2019-12-06T00:00:00+08:00</endTime>
            <elementValue>
              <value>95</value>
              <measures>%</measures>
            </elementValue>
          </time>
          <time>
            <startTime>2019-12-06T00:00:00+08:00</startTime>
            <endTime>2019-12-07T00:00:00+08:00</endTime>
            <elementValue>
              <value>93</value>
              <measures>%</measures>
            </elementValue>
          </time>
          <time>
            <startTime>2019-12-07T00:00:00+08:00</startTime>
            <endTime>2019-12-08T00:00:00+08:00</endTime>
            <elementValue>
              <value>71</value>
              <measures>%</measures>
            </elementValue>
          </time>
          <time>
            <startTime>2019-12-08T00:00:00+08:00</startTime>
            <endTime>2019-12-09T00:00:00+08:00</endTime>
            <elementValue>
              <value>69</value>
              <measures>%</measures>
            </elementValue>
          </time>
        </weatherElement>
        <weatherElement>
          <elementName>MaxT</elementName>
          <description>maximum temperature</description>
          <time>
            <startTime>2019-12-02T00:00:00+08:00</startTime>
            <endTime>2019-12-03T00:00:00+08:00</endTime>
            <elementValue>
              <value>23</value>
              <measures>C</measures>
            </elementValue>
          </time>
          <time>
            <startTime>2019-12-03T00:00:00+08:00</startTime>
            <endTime>2019-12-04T00:00:00+08:00</endTime>
            <elementValue>
              <value>24</value>
              <measures>C</measures>
            </elementValue>
          </time>
          <time>
            <startTime>2019-12-04T00:00:00+08:00</startTime>
            <endTime>2019-12-05T00:00:00+08:00</endTime>
            <elementValue>
              <value>21</value>
              <measures>C</measures>
            </elementValue>
          </time>
          <time>
            <startTime>2019-12-05T00:00:00+08:00</startTime>
            <endTime>2019-12-06T00:00:00+08:00</endTime>
            <elementValue>
              <value>21</value>
              <measures>C</measures>
            </elementValue>
          </time>
          <time>
            <startTime>2019-12-06T00:00:00+08:00</startTime>
            <endTime>2019-12-07T00:00:00+08:00</endTime>
            <elementValue>
              <value>19</value>
              <measures>C</measures>
            </elementValue>
          </time>
          <time>
            <startTime>2019-12-07T00:00:00+08:00</startTime>
            <endTime>2019-12-08T00:00:00+08:00</endTime>
            <elementValue>
              <value>22</value>
              <measures>C</measures>
            </elementValue>
          </time>
          <time>
            <startTime>2019-12-08T00:00:00+08:00</startTime>
            <endTime>2019-12-09T00:00:00+08:00</endTime>
            <elementValue>
              <value>24</value>
              <measures>C</measures>
            </elementValue>
          </time>
        </weatherElement>
        <weatherElement>
          <elementName>MinT</elementName>
          <description>minimum temperature</description>
          <time>
            <startTime>2019-12-02T00:00:00+08:00</startTime>
            <endTime>2019-12-03T00:00:00+08:00</endTime>
            <elementValue>
              <value>14</value>
              <measures>C</measures>
            </elementValue>
          </time>
          <time>
            <startTime>2019-12-03T00:00:00+08:00</startTime>
            <endTime>2019-12-04T00:00:00+08:00</endTime>
            <elementValue>
              <value>12</value>
              <measures>C</measures>
            </elementValue>
          </time>
          <time>
            <startTime>2019-12-04T00:00:00+08:00</startTime>
            <endTime>2019-12-05T00:00:00+08:00</endTime>
            <elementValue>
              <value>14</value>
              <measures>C</measures>
            </elementValue>
          </time>
          <time>
            <startTime>2019-12-05T00:00:00+08:00</startTime>
            <endTime>2019-12-06T00:00:00+08:00</endTime>
            <elementValue>
              <value>16</value>
              <measures>C</measures>
            </elementValue>
          </time>
          <time>
            <startTime>2019-12-06T00:00:00+08:00</startTime>
            <endTime>2019-12-07T00:00:00+08:00</endTime>
            <elementValue>
              <value>15</value>
              <measures>C</measures>
            </elementValue>
          </time>
          <time>
            <startTime>2019-12-07T00:00:00+08:00</startTime>
            <endTime>2019-12-08T00:00:00+08:00</endTime>
            <elementValue>
              <value>14</value>
              <measures>C</measures>
            </elementValue>
          </time>
          <time>
            <startTime>2019-12-08T00:00:00+08:00</startTime>
            <endTime>2019-12-09T00:00:00+08:00</endTime>
            <elementValue>
              <value>15</value>
              <measures>C</measures>
            </elementValue>
          </time>
        </weatherElement>
        <weatherElement>
          <elementName>MaxAT</elementName>
          <description>maximum athletic temperature</description>
          <time>
            <startTime>2019-12-02T00:00:00+08:00</startTime>
            <endTime>2019-12-03T00:00:00+08:00</endTime>
            <elementValue>
              <value>20</value>
              <measures>C</measures>
            </elementValue>
          </time>
          <time>
            <startTime>2019-12-03T00:00:00+08:00</startTime>
            <endTime>2019-12-04T00:00:00+08:00</endTime>
            <elementValue>
              <value>23</value>
              <measures>C</measures>
            </elementValue>
          </time>
          <time>
            <startTime>2019-12-04T00:00:00+08:00</startTime>
            <endTime>2019-12-05T00:00:00+08:00</endTime>
            <elementValue>
              <value>22</value>
              <measures>C</measures>
            </elementValue>
          </time>
          <time>
            <startTime>2019-12-05T00:00:00+08:00</startTime>
            <endTime>2019-12-06T00:00:00+08:00</endTime>
            <elementValue>
              <value>21</value>
              <measures>C</measures>
            </elementValue>
          </time>
          <time>
            <startTime>2019-12-06T00:00:00+08:00</startTime>
            <endTime>2019-12-07T00:00:00+08:00</endTime>
            <elementValue>
              <value>19</value>
              <measures>C</measures>
            </elementValue>
          </time>
          <time>
            <startTime>2019-12-07T00:00:00+08:00</startTime>
            <endTime>2019-12-08T00:00:00+08:00</endTime>
            <elementValue>
              <value>21</value>
              <measures>C</measures>
            </elementValue>
          </time>
          <time>
            <startTime>2019-12-08T00:00:00+08:00</startTime>
            <endTime>2019-12-09T00:00:00+08:00</endTime>
            <elementValue>
              <value>23</value>
              <measures>C</measures>
            </elementValue>
          </time>
        </weatherElement>
        <weatherElement>
          <elementName>MinAT</elementName>
          <description>minimum athletic temperature</description>
          <time>
            <startTime>2019-12-02T00:00:00+08:00</startTime>
            <endTime>2019-12-03T00:00:00+08:00</endTime>
            <elementValue>
              <value>11</value>
              <measures>C</measures>
            </elementValue>
          </time>
          <time>
            <startTime>2019-12-03T00:00:00+08:00</startTime>
            <endTime>2019-12-04T00:00:00+08:00</endTime>
            <elementValue>
              <value>10</value>
              <measures>C</measures>
            </elementValue>
          </time>
          <time>
            <startTime>2019-12-04T00:00:00+08:00</startTime>
            <endTime>2019-12-05T00:00:00+08:00</endTime>
            <elementValue>
              <value>12</value>
              <measures>C</measures>
            </elementValue>
          </time>
          <time>
            <startTime>2019-12-05T00:00:00+08:00</startTime>
            <endTime>2019-12-06T00:00:00+08:00</endTime>
            <elementValue>
              <value>14</value>
              <measures>C</measures>
            </elementValue>
          </time>
          <time>
            <startTime>2019-12-06T00:00:00+08:00</startTime>
            <endTime>2019-12-07T00:00:00+08:00</endTime>
            <elementValue>
              <value>14</value>
              <measures>C</measures>
            </elementValue>
          </time>
          <time>
            <startTime>2019-12-07T00:00:00+08:00</startTime>
            <endTime>2019-12-08T00:00:00+08:00</endTime>
            <elementValue>
              <value>12</value>
              <measures>C</measures>
            </elementValue>
          </time>
          <time>
            <startTime>2019-12-08T00:00:00+08:00</startTime>
            <endTime>2019-12-09T00:00:00+08:00</endTime>
            <elementValue>
              <value>13</value>
              <measures>C</measures>
            </elementValue>
          </time>
        </weatherElement>
        <weatherElement>
          <elementName>MaxCI</elementName>
          <description>maximum comfort index</description>
          <time>
            <startTime>2019-12-02T00:00:00+08:00</startTime>
            <endTime>2019-12-03T00:00:00+08:00</endTime>
            <elementValue>
              <value>20</value>
              <measures>NA</measures>
            </elementValue>
          </time>
          <time>
            <startTime>2019-12-03T00:00:00+08:00</startTime>
            <endTime>2019-12-04T00:00:00+08:00</endTime>
            <elementValue>
              <value>21</value>
              <measures>NA</measures>
            </elementValue>
          </time>
          <time>
            <startTime>2019-12-04T00:00:00+08:00</startTime>
            <endTime>2019-12-05T00:00:00+08:00</endTime>
            <elementValue>
              <value>20</value>
              <measures>NA</measures>
            </elementValue>
          </time>
          <time>
            <startTime>2019-12-05T00:00:00+08:00</startTime>
            <endTime>2019-12-06T00:00:00+08:00</endTime>
            <elementValue>
              <value>21</value>
              <measures>NA</measures>
            </elementValue>
          </time>
          <time>
            <startTime>2019-12-06T00:00:00+08:00</startTime>
            <endTime>2019-12-07T00:00:00+08:00</endTime>
            <elementValue>
              <value>19</value>
              <measures>NA</measures>
            </elementValue>
          </time>
          <time>
            <startTime>2019-12-07T00:00:00+08:00</startTime>
            <endTime>2019-12-08T00:00:00+08:00</endTime>
            <elementValue>
              <value>20</value>
              <measures>NA</measures>
            </elementValue>
          </time>
          <time>
            <startTime>2019-12-08T00:00:00+08:00</startTime>
            <endTime>2019-12-09T00:00:00+08:00</endTime>
            <elementValue>
              <value>21</value>
              <measures>NA</measures>
            </elementValue>
          </time>
        </weatherElement>
        <weatherElement>
          <elementName>MinCI</elementName>
          <description>minimum comfort index</description>
          <time>
            <startTime>2019-12-02T00:00:00+08:00</startTime>
            <endTime>2019-12-03T00:00:00+08:00</endTime>
            <elementValue>
              <value>14</value>
              <measures>NA</measures>
            </elementValue>
          </time>
          <time>
            <startTime>2019-12-03T00:00:00+08:00</startTime>
            <endTime>2019-12-04T00:00:00+08:00</endTime>
            <elementValue>
              <value>13</value>
              <measures>NA</measures>
            </elementValue>
          </time>
          <time>
            <startTime>2019-12-04T00:00:00+08:00</startTime>
            <endTime>2019-12-05T00:00:00+08:00</endTime>
            <elementValue>
              <value>14</value>
              <measures>NA</measures>
            </elementValue>
          </time>
          <time>
            <startTime>2019-12-05T00:00:00+08:00</startTime>
            <endTime>2019-12-06T00:00:00+08:00</endTime>
            <elementValue>
              <value>16</value>
              <measures>NA</measures>
            </elementValue>
          </time>
          <time>
            <startTime>2019-12-06T00:00:00+08:00</startTime>
            <endTime>2019-12-07T00:00:00+08:00</endTime>
            <elementValue>
              <value>15</value>
              <measures>NA</measures>
            </elementValue>
          </time>
          <time>
            <startTime>2019-12-07T00:00:00+08:00</startTime>
            <endTime>2019-12-08T00:00:00+08:00</endTime>
            <elementValue>
              <value>14</value>
              <measures>NA</measures>
            </elementValue>
          </time>
          <time>
            <startTime>2019-12-08T00:00:00+08:00</startTime>
            <endTime>2019-12-09T00:00:00+08:00</endTime>
            <elementValue>
              <value>15</value>
              <measures>NA</measures>
            </elementValue>
          </time>
        </weatherElement>
        <weatherElement>
          <elementName>PoP24h</elementName>
          <description>24 hours probability of precipitation</description>
          <time>
            <startTime>2019-12-02T00:00:00+08:00</startTime>
            <endTime>2019-12-03T00:00:00+08:00</endTime>
            <elementValue>
              <value>0</value>
              <measures>%</measures>
            </elementValue>
          </time>
          <time>
            <startTime>2019-12-03T00:00:00+08:00</startTime>
            <endTime>2019-12-04T00:00:00+08:00</endTime>
            <elementValue>
              <value>0</value>
              <measures>%</measures>
            </elementValue>
          </time>
          <time>
            <startTime>2019-12-04T00:00:00+08:00</startTime>
            <endTime>2019-12-05T00:00:00+08:00</endTime>
            <elementValue>
              <value>60</value>
              <measures>%</measures>
            </elementValue>
          </time>
          <time>
            <startTime>2019-12-05T00:00:00+08:00</startTime>
            <endTime>2019-12-06T00:00:00+08:00</endTime>
            <elementValue>
              <value> </value>
              <measures>%</measures>
            </elementValue>
          </time>
          <time>
            <startTime>2019-12-06T00:00:00+08:00</startTime>
            <endTime>2019-12-07T00:00:00+08:00</endTime>
            <elementValue>
              <value> </value>
              <measures>%</measures>
            </elementValue>
          </time>
          <time>
            <startTime>2019-12-07T00:00:00+08:00</startTime>
            <endTime>2019-12-08T00:00:00+08:00</endTime>
            <elementValue>
              <value> </value>
              <measures>%</measures>
            </elementValue>
          </time>
          <time>
            <startTime>2019-12-08T00:00:00+08:00</startTime>
            <endTime>2019-12-09T00:00:00+08:00</endTime>
            <elementValue>
              <value> </value>
              <measures>%</measures>
            </elementValue>
          </time>
        </weatherElement>
        <weatherElement>
          <elementName>WD</elementName>
          <description>wind direction</description>
          <time>
            <startTime>2019-12-02T00:00:00+08:00</startTime>
            <endTime>2019-12-03T00:00:00+08:00</endTime>
            <elementValue>
              <value>N</value>
              <measures>16 directions</measures>
            </elementValue>
          </time>
          <time>
            <startTime>2019-12-03T00:00:00+08:00</startTime>
            <endTime>2019-12-04T00:00:00+08:00</endTime>
            <elementValue>
              <value>N</value>
              <measures>16 directions</measures>
            </elementValue>
          </time>
          <time>
            <startTime>2019-12-04T00:00:00+08:00</startTime>
            <endTime>2019-12-05T00:00:00+08:00</endTime>
            <elementValue>
              <value>N</value>
              <measures>16 directions</measures>
            </elementValue>
          </time>
          <time>
            <startTime>2019-12-05T00:00:00+08:00</startTime>
            <endTime>2019-12-06T00:00:00+08:00</endTime>
            <elementValue>
              <value>N</value>
              <measures>16 directions</measures>
            </elementValue>
          </time>
          <time>
            <startTime>2019-12-06T00:00:00+08:00</startTime>
            <endTime>2019-12-07T00:00:00+08:00</endTime>
            <elementValue>
              <value>N</value>
              <measures>16 directions</measures>
            </elementValue>
          </time>
          <time>
            <startTime>2019-12-07T00:00:00+08:00</startTime>
            <endTime>2019-12-08T00:00:00+08:00</endTime>
            <elementValue>
              <value>N</value>
              <measures>16 directions</measures>
            </elementValue>
          </time>
          <time>
            <startTime>2019-12-08T00:00:00+08:00</startTime>
            <endTime>2019-12-09T00:00:00+08:00</endTime>
            <elementValue>
              <value>N</value>
              <measures>16 directions</measures>
            </elementValue>
          </time>
        </weatherElement>
        <weatherElement>
          <elementName>WS</elementName>
          <description>maximum of wind speed</description>
          <time>
            <startTime>2019-12-02T00:00:00+08:00</startTime>
            <endTime>2019-12-03T00:00:00+08:00</endTime>
            <elementValue>
              <value>7</value>
              <measures>m/s</measures>
            </elementValue>
            <elementValue>
              <value>4</value>
              <measures>Beaufort</measures>
            </elementValue>
          </time>
          <time>
            <startTime>2019-12-03T00:00:00+08:00</startTime>
            <endTime>2019-12-04T00:00:00+08:00</endTime>
            <elementValue>
              <value>4</value>
              <measures>m/s</measures>
            </elementValue>
            <elementValue>
              <value>3</value>
              <measures>Beaufort</measures>
            </elementValue>
          </time>
          <time>
            <startTime>2019-12-04T00:00:00+08:00</startTime>
            <endTime>2019-12-05T00:00:00+08:00</endTime>
            <elementValue>
              <value>4</value>
              <measures>m/s</measures>
            </elementValue>
            <elementValue>
              <value>3</value>
              <measures>Beaufort</measures>
            </elementValue>
          </time>
          <time>
            <startTime>2019-12-05T00:00:00+08:00</startTime>
            <endTime>2019-12-06T00:00:00+08:00</endTime>
            <elementValue>
              <value>5</value>
              <measures>m/s</measures>
            </elementValue>
            <elementValue>
              <value>3</value>
              <measures>Beaufort</measures>
            </elementValue>
          </time>
          <time>
            <startTime>2019-12-06T00:00:00+08:00</startTime>
            <endTime>2019-12-07T00:00:00+08:00</endTime>
            <elementValue>
              <value>4</value>
              <measures>m/s</measures>
            </elementValue>
            <elementValue>
              <value>3</value>
              <measures>Beaufort</measures>
            </elementValue>
          </time>
          <time>
            <startTime>2019-12-07T00:00:00+08:00</startTime>
            <endTime>2019-12-08T00:00:00+08:00</endTime>
            <elementValue>
              <value>4</value>
              <measures>m/s</measures>
            </elementValue>
            <elementValue>
              <value>3</value>
              <measures>Beaufort</measures>
            </elementValue>
          </time>
          <time>
            <startTime>2019-12-08T00:00:00+08:00</startTime>
            <endTime>2019-12-09T00:00:00+08:00</endTime>
            <elementValue>
              <value>3</value>
              <measures>m/s</measures>
            </elementValue>
            <elementValue>
              <value>2</value>
              <measures>Beaufort</measures>
            </elementValue>
          </time>
        </weatherElement>
        <weatherElement>
          <elementName>Wx</elementName>
          <description>weather</description>
          <time>
            <startTime>2019-12-02T00:00:00+08:00</startTime>
            <endTime>2019-12-03T00:00:00+08:00</endTime>
            <elementValue>
              <value>Mostly clear</value>
              <measures>define Wx text by self</measures>
            </elementValue>
            <elementValue>
              <value>02</value>
              <measures>define Wx unit by self</measures>
            </elementValue>
          </time>
          <time>
            <startTime>2019-12-03T00:00:00+08:00</startTime>
            <endTime>2019-12-04T00:00:00+08:00</endTime>
            <elementValue>
              <value>Mostly clear</value>
              <measures>define Wx text by self</measures>
            </elementValue>
            <elementValue>
              <value>02</value>
              <measures>define Wx unit by self</measures>
            </elementValue>
          </time>
          <time>
            <startTime>2019-12-04T00:00:00+08:00</startTime>
            <endTime>2019-12-05T00:00:00+08:00</endTime>
            <elementValue>
              <value>Mostly cloudy with occasional rain</value>
              <measures>define Wx text by self</measures>
            </elementValue>
            <elementValue>
              <value>10</value>
              <measures>define Wx unit by self</measures>
            </elementValue>
          </time>
          <time>
            <startTime>2019-12-05T00:00:00+08:00</startTime>
            <endTime>2019-12-06T00:00:00+08:00</endTime>
            <elementValue>
              <value>Cloudy with occasional rain</value>
              <measures>define Wx text by self</measures>
            </elementValue>
            <elementValue>
              <value>11</value>
              <measures>define Wx unit by self</measures>
            </elementValue>
          </time>
          <time>
            <startTime>2019-12-06T00:00:00+08:00</startTime>
            <endTime>2019-12-07T00:00:00+08:00</endTime>
            <elementValue>
              <value>Cloudy with occasional rain</value>
              <measures>define Wx text by self</measures>
            </elementValue>
            <elementValue>
              <value>11</value>
              <measures>define Wx unit by self</measures>
            </elementValue>
          </time>
          <time>
            <startTime>2019-12-07T00:00:00+08:00</startTime>
            <endTime>2019-12-08T00:00:00+08:00</endTime>
            <elementValue>
              <value>Mostly clear</value>
              <measures>define Wx text by self</measures>
            </elementValue>
            <elementValue>
              <value>02</value>
              <measures>define Wx unit by self</measures>
            </elementValue>
          </time>
          <time>
            <startTime>2019-12-08T00:00:00+08:00</startTime>
            <endTime>2019-12-09T00:00:00+08:00</endTime>
            <elementValue>
              <value>Mostly clear</value>
              <measures>define Wx text by self</measures>
            </elementValue>
            <elementValue>
              <value>02</value>
              <measures>define Wx unit by self</measures>
            </elementValue>
          </time>
        </weatherElement>
        <weatherElement>
          <elementName>UVI</elementName>
          <description>Ultraviolet index</description>
          <time>
            <startTime>2019-12-02T06:00:00+08:00</startTime>
            <endTime>2019-12-02T18:00:00+08:00</endTime>
            <elementValue>
              <value>4</value>
              <measures>UV Index</measures>
            </elementValue>
            <elementValue>
              <value>Moderate</value>
              <measures>Exposure Level</measures>
            </elementValue>
          </time>
          <time>
            <startTime>2019-12-03T06:00:00+08:00</startTime>
            <endTime>2019-12-03T18:00:00+08:00</endTime>
            <elementValue>
              <value>5</value>
              <measures>UV Index</measures>
            </elementValue>
            <elementValue>
              <value>Moderate</value>
              <measures>Exposure Level</measures>
            </elementValue>
          </time>
          <time>
            <startTime>2019-12-04T06:00:00+08:00</startTime>
            <endTime>2019-12-04T18:00:00+08:00</endTime>
            <elementValue>
              <value>4</value>
              <measures>UV Index</measures>
            </elementValue>
            <elementValue>
              <value>Moderate</value>
              <measures>Exposure Level</measures>
            </elementValue>
          </time>
          <time>
            <startTime>2019-12-05T06:00:00+08:00</startTime>
            <endTime>2019-12-05T18:00:00+08:00</endTime>
            <elementValue>
              <value>3</value>
              <measures>UV Index</measures>
            </elementValue>
            <elementValue>
              <value>Moderate</value>
              <measures>Exposure Level</measures>
            </elementValue>
          </time>
          <time>
            <startTime>2019-12-06T06:00:00+08:00</startTime>
            <endTime>2019-12-06T18:00:00+08:00</endTime>
            <elementValue>
              <value>3</value>
              <measures>UV Index</measures>
            </elementValue>
            <elementValue>
              <value>Moderate</value>
              <measures>Exposure Level</measures>
            </elementValue>
          </time>
          <time>
            <startTime>2019-12-07T06:00:00+08:00</startTime>
            <endTime>2019-12-07T18:00:00+08:00</endTime>
            <elementValue>
              <value>5</value>
              <measures>UV Index</measures>
            </elementValue>
            <elementValue>
              <value>Moderate</value>
              <measures>Exposure Level</measures>
            </elementValue>
          </time>
          <time>
            <startTime>2019-12-08T06:00:00+08:00</startTime>
            <endTime>2019-12-08T18:00:00+08:00</endTime>
            <elementValue>
              <value>5</value>
              <measures>UV Index</measures>
            </elementValue>
            <elementValue>
              <value>Moderate</value>
              <measures>Exposure Level</measures>
            </elementValue>
          </time>
        </weatherElement>
        <weatherElement>
          <elementName>WeatherDescription</elementName>
          <description>weather description</description>
          <time>
            <startTime>2019-12-02T00:00:00+08:00</startTime>
            <endTime>2019-12-03T00:00:00+08:00</endTime>
            <elementValue>
              <value>Mostly clear. Temperature between 14 and 23 centigrade. Cold~Comfortable. N wind 7m/s. Chance of precipitation 0%.</value>
              <measures>NA</measures>
            </elementValue>
          </time>
          <time>
            <startTime>2019-12-03T00:00:00+08:00</startTime>
            <endTime>2019-12-04T00:00:00+08:00</endTime>
            <elementValue>
              <value>Mostly clear. Temperature between 12 and 24 centigrade. Cold~Comfortable. N wind 4m/s. Chance of precipitation 0%.</value>
              <measures>NA</measures>
            </elementValue>
          </time>
          <time>
            <startTime>2019-12-04T00:00:00+08:00</startTime>
            <endTime>2019-12-05T00:00:00+08:00</endTime>
            <elementValue>
              <value>Mostly cloudy with occasional rain. Temperature between 14 and 21 centigrade. Cold~Comfortable. N wind 4m/s. Chance of precipitation 60%.</value>
              <measures>NA</measures>
            </elementValue>
          </time>
          <time>
            <startTime>2019-12-05T00:00:00+08:00</startTime>
            <endTime>2019-12-06T00:00:00+08:00</endTime>
            <elementValue>
              <value>Cloudy with occasional rain. Temperature between 16 and 21 centigrade. Cool~Comfortable. N wind 5m/s. </value>
              <measures>NA</measures>
            </elementValue>
          </time>
          <time>
            <startTime>2019-12-06T00:00:00+08:00</startTime>
            <endTime>2019-12-07T00:00:00+08:00</endTime>
            <elementValue>
              <value>Cloudy with occasional rain. Temperature between 15 and 19 centigrade. Cold~Cool. N wind 4m/s. </value>
              <measures>NA</measures>
            </elementValue>
          </time>
          <time>
            <startTime>2019-12-07T00:00:00+08:00</startTime>
            <endTime>2019-12-08T00:00:00+08:00</endTime>
            <elementValue>
              <value>Mostly clear. Temperature between 14 and 22 centigrade. Cold~Comfortable. N wind 4m/s. </value>
              <measures>NA</measures>
            </elementValue>
          </time>
          <time>
            <startTime>2019-12-08T00:00:00+08:00</startTime>
            <endTime>2019-12-09T00:00:00+08:00</endTime>
            <elementValue>
              <value>Mostly clear. Temperature between 15 and 24 centigrade. Cold~Comfortable. N wind 3m/s. </value>
              <measures>NA</measures>
            </elementValue>
          </time>
        </weatherElement>
      </location>
    </locations>
  </dataset>
</cwbopendata>
